,Rk,Team,Conf,W-L,AdjEM,AdjO ,AdjD,AdjT,Luck,AdjEM,OppO,OppD,AdjEM
0,1,Duke 1,ACC,35-5,+33.29,121.0,87.7,64.7,+.009,+11.53,107.9,96.4,+2.50
1,2,Kansas 1,B12,33-3,+31.85,120.4,88.5,67.2,+.038,+9.53,108.2,98.7,+1.13
2,3,Syracuse 1,BE,30-5,+27.62,118.5,90.9,68.7,-.008,+8.62,108.5,99.8,-2.96
3,4,Kentucky 1,SEC,35-3,+26.54,114.9,88.3,68.3,+.060,+7.06,106.5,99.5,-1.28
4,5,West Virginia 2,BE,31-7,+25.54,117.2,91.7,62.6,+.057,+12.58,110.0,97.5,+5.45
5,6,Kansas St. 2,B12,29-8,+25.52,116.1,90.6,69.4,-.008,+11.99,109.5,97.5,+2.37
6,7,Ohio St. 2,B10,29-8,+24.99,117.5,92.5,64.6,+.007,+7.88,106.3,98.4,-2.92
7,8,Baylor 3,B12,28-8,+24.95,119.2,94.3,64.5,-.021,+10.59,108.3,97.7,-2.79
8,9,Wisconsin 4,B10,24-9,+23.56,115.2,91.6,59.2,-.013,+8.69,107.9,99.2,+1.01
9,10,BYU 7,MWC,30-6,+23.27,117.3,94.0,71.1,+.012,+3.88,104.9,101.0,-0.03
10,11,Georgetown 3,BE,23-11,+22.64,116.8,94.2,65.8,-.035,+11.55,109.0,97.4,+3.35
11,12,Butler 5,Horz,33-5,+22.45,111.0,88.5,63.0,+.032,+6.85,106.7,99.9,+11.11
12,13,Maryland 4,ACC,24-9,+22.37,118.3,95.9,68.7,-.023,+8.87,106.7,97.8,-4.35
13,14,California 8,P10,24-11,+22.15,119.6,97.4,67.1,-.043,+9.03,106.5,97.5,+8.46
14,15,Purdue 4,B10,29-6,+22.05,109.8,87.7,66.2,+.070,+8.81,107.8,99.0,-1.26
15,16,Texas A&M 5,B12,24-10,+21.33,112.6,91.2,64.3,-.005,+11.51,109.4,97.9,+0.15
16,17,Villanova 2,BE,25-8,+21.24,117.2,96.0,71.2,+.025,+10.03,108.7,98.7,-0.91
17,18,Xavier 6,A10,26-9,+20.87,115.5,94.6,68.9,+.010,+8.04,106.2,98.2,+7.27
18,19,Texas 8,B12,24-10,+20.75,113.9,93.1,71.5,-.014,+9.01,107.2,98.2,-1.32
19,20,Michigan St. 5,B10,28-9,+20.13,112.8,92.7,65.3,+.027,+9.03,107.5,98.5,-0.94
20,21,Temple 5,A10,29-6,+20.12,107.8,87.7,60.4,+.076,+6.07,106.4,100.3,+5.68
21,22,Missouri 10,B12,23-11,+19.99,111.5,91.5,68.8,-.035,+8.17,107.1,98.9,-6.10
22,23,Utah St. 12,WAC,27-8,+19.90,116.0,96.1,59.8,-.026,+1.81,105.0,103.2,+0.16
23,24,Marquette 6,BE,22-12,+19.65,115.1,95.5,62.3,-.064,+9.05,108.0,98.9,-6.52
24,25,Clemson 7,ACC,21-11,+19.28,110.9,91.6,67.6,-.041,+8.76,106.3,97.6,-2.85
25,26,Dayton 3,A10,25-12,+18.92,108.1,89.1,65.5,-.097,+6.43,105.8,99.3,+3.50
26,27,Northern Iowa 9,MVC,30-5,+18.87,109.6,90.8,58.9,+.034,+4.08,105.7,101.6,-1.58
27,28,Pittsburgh 3,BE,25-9,+18.66,111.4,92.8,61.3,+.041,+7.87,107.7,99.8,-2.76
28,29,Saint Mary's 10,WCC,28-6,+18.59,116.5,97.9,66.2,+.038,+2.72,105.4,102.7,+1.18
29,30,Tennessee 6,SEC,28-9,+18.50,108.9,90.4,67.5,+.082,+8.67,107.4,98.7,-0.48
30,31,Georgia Tech 10,ACC,23-13,+18.22,109.2,91.0,68.2,-.034,+10.94,107.4,96.4,-2.46
31,32,Washington 11,P10,26-10,+18.19,111.7,93.6,71.7,+.029,+6.97,106.7,99.7,+1.13
32,33,Florida St. 9,ACC,22-10,+18.02,105.0,87.0,65.3,+.009,+9.01,107.3,98.3,-2.88
33,34,Minnesota 11,B10,21-14,+17.97,112.0,94.1,65.6,-.055,+8.37,107.7,99.3,-3.72
34,35,Notre Dame 6,BE,23-12,+17.71,119.4,101.7,62.4,-.068,+6.28,106.5,100.2,-9.08
35,36,Vanderbilt 4,SEC,24-9,+17.54,113.7,96.2,68.7,+.019,+8.14,107.1,99.0,+1.50
36,37,Old Dominion 11,CAA,27-9,+17.51,107.8,90.3,62.6,+.009,+3.17,105.0,101.9,+6.16
37,38,Louisville 9,BE,20-13,+16.91,114.5,97.6,66.3,-.038,+8.87,107.8,99.0,-1.62
38,39,Oklahoma St. 7,B12,22-11,+16.72,112.2,95.4,66.2,+.011,+8.47,107.2,98.7,-4.33
39,40,San Diego St. 11,MWC,25-9,+16.58,111.4,94.9,63.1,+.006,+5.40,105.3,99.9,+2.24
40,41,UNLV 8,MWC,25-9,+16.56,110.6,94.0,66.3,-.013,+4.08,104.8,100.7,+0.67
41,42,UTEP 12,CUSA,26-7,+16.53,107.7,91.2,67.9,+.024,+2.62,104.1,101.5,-4.26
42,43,New Mexico 3,MWC,30-5,+16.18,113.6,97.4,67.4,+.096,+4.09,105.0,100.9,+1.85
43,44,Gonzaga 8,WCC,27-7,+16.14,112.3,96.1,67.5,+.079,+3.42,105.5,102.1,+4.43
44,45,Mississippi St. 1,SEC,24-12,+15.98,109.7,93.7,66.5,-.049,+5.51,105.5,100.0,-2.76
45,46,Cornell 12,Ivy,29-5,+15.92,117.4,101.5,63.9,+.068,-0.66,101.2,101.9,+4.12
46,47,Virginia Tech 1,ACC,25-9,+15.86,108.3,92.4,67.8,+.034,+5.72,105.8,100.1,-8.51
47,48,Mississippi 2,SEC,24-11,+15.77,112.9,97.2,68.7,-.034,+5.66,105.6,100.0,-2.73
48,49,Memphis 3,CUSA,24-10,+15.24,115.3,100.1,65.2,-.038,+1.87,103.8,102.0,-4.79
49,50,Florida 10,SEC,21-13,+15.23,113.0,97.8,63.9,-.061,+7.75,106.6,98.8,-1.96
50,51,Connecticut 4,BE,18-16,+15.19,107.7,92.5,67.5,-.078,+10.27,108.5,98.2,+2.59
51,52,Arizona St. 1,P10,22-11,+15.18,110.0,94.8,61.0,-.013,+4.11,104.1,100.0,-3.16
52,53,Murray St. 13,OVC,31-5,+15.06,109.0,94.0,65.6,-.011,-5.78,100.2,106.0,-5.24
53,54,Richmond 7,A10,26-9,+15.01,108.8,93.8,62.5,+.047,+5.70,105.4,99.7,+2.39
54,55,Miami FL,ACC,20-13,+14.79,112.2,97.4,65.3,-.069,+6.02,104.3,98.3,-11.44
55,56,VCU,CAA,27-9,+14.39,113.2,98.8,68.2,-.016,+0.84,102.5,101.7,-0.39
56,57,Illinois 1,B10,21-15,+14.38,109.2,94.8,66.6,-.029,+9.09,107.5,98.4,+2.01
57,58,Wake Forest 9,ACC,20-11,+14.12,107.1,93.0,68.7,+.067,+10.51,107.4,96.9,-0.82
58,59,Siena 13,MAAC,27-7,+13.86,109.4,95.5,69.2,+.027,-0.51,100.9,101.4,+3.22
59,60,Rhode Island 2,A10,26-10,+13.54,112.6,99.1,67.6,+.033,+4.83,105.0,100.2,+2.98
60,61,North Carolina 4,ACC,20-17,+13.39,107.4,94.0,70.4,-.013,+11.36,108.4,97.1,+0.18
61,62,UAB 2,CUSA,25-9,+12.73,104.6,91.8,64.1,+.017,+3.09,104.0,100.9,+0.40
62,63,Alabama,SEC,17-15,+12.55,107.9,95.3,64.2,-.099,+6.75,106.5,99.8,-0.93
63,64,Wichita St. 3,MVC,25-10,+12.26,108.9,96.6,64.5,+.002,+2.06,104.2,102.2,-6.80
64,65,Wright St.,Horz,20-12,+12.10,108.6,96.5,61.8,-.047,+1.93,104.1,102.2,+1.97
65,66,Seton Hall 4,BE,19-13,+12.05,112.7,100.7,69.5,-.009,+7.65,107.6,99.9,-9.28
66,67,St. John's 6,BE,17-16,+11.97,106.5,94.5,64.2,-.032,+9.38,108.5,99.1,-1.66
67,68,Cincinnati 2,BE,19-16,+11.92,106.3,94.4,65.3,-.013,+9.77,108.3,98.5,-1.16
68,69,North Carolina St. 6,ACC,20-16,+11.49,106.1,94.6,64.5,-.007,+8.66,106.4,97.7,-5.32
69,70,Michigan,B10,15-17,+11.48,107.4,95.9,61.8,-.079,+9.27,107.7,98.4,+2.62
70,71,Northeastern 5,CAA,20-13,+11.32,106.5,95.2,60.3,-.057,+3.89,105.0,101.1,+7.58
71,72,Texas Tech 5,B12,19-16,+11.14,108.8,97.6,70.7,+.026,+10.08,108.8,98.8,-1.93
72,73,Iowa St.,B12,15-17,+11.09,107.2,96.1,67.5,-.081,+9.52,108.8,99.3,-3.70
73,74,Boston College,ACC,15-16,+10.87,110.7,99.8,64.1,-.086,+8.22,105.6,97.4,-5.29
74,75,Missouri St.,MVC,24-12,+10.85,111.8,100.9,64.5,-.050,+1.07,103.3,102.3,-4.44
75,76,Virginia,ACC,15-16,+10.76,108.0,97.2,61.7,-.067,+8.38,106.3,97.9,-5.39
76,77,USC,P10,16-14,+10.63,96.7,86.1,62.2,-.043,+6.53,106.7,100.2,+1.54
77,78,South Florida 3,BE,20-13,+10.52,107.8,97.3,63.6,+.061,+7.33,107.4,100.1,-2.58
78,79,Portland,WCC,21-11,+10.28,110.6,100.4,63.1,+.020,+2.15,104.9,102.8,+2.98
79,80,Nevada 6,WAC,21-13,+10.20,112.8,102.6,68.7,-.030,+4.33,106.8,102.4,+6.00
80,81,Marshall,CUSA,24-10,+10.18,110.1,99.9,68.5,+.022,+1.63,103.5,101.8,-1.18
81,82,Wofford 13,SC,26-9,+10.12,104.6,94.4,63.5,-.023,-1.55,102.2,103.8,+4.23
82,83,Tulsa 5,CUSA,23-12,+9.87,107.6,97.7,66.0,+.023,+2.99,104.8,101.8,-1.56
83,84,Northwestern 7,B10,20-14,+9.77,113.0,103.2,62.8,+.002,+5.19,104.8,99.6,-9.74
84,85,South Carolina,SEC,15-16,+9.06,106.5,97.4,68.7,-.037,+8.69,107.4,98.8,+1.22
85,86,Kent St. 4,MAC,24-10,+8.84,106.6,97.8,66.8,+.071,+2.10,103.4,101.3,+3.99
86,87,Arizona,P10,16-15,+8.83,108.4,99.5,67.6,+.027,+8.32,107.1,98.8,+6.93
87,88,Houston 13,CUSA,19-16,+8.79,112.0,103.2,71.1,-.083,+3.76,105.0,101.2,+0.68
88,89,Illinois St. 6,MVC,22-11,+8.77,107.5,98.7,64.6,+.023,+1.25,103.2,102.0,-8.50
89,90,Providence,BE,12-19,+8.70,116.0,107.3,73.3,-.111,+9.60,108.3,98.7,-2.05
90,91,Georgia,SEC,14-17,+8.68,109.8,101.1,64.1,-.021,+9.32,106.8,97.5,+1.89
91,92,Colorado,B12,15-16,+8.63,113.1,104.5,67.0,-.036,+9.38,107.0,97.6,-3.90
92,93,Nebraska,B12,15-18,+8.28,107.0,98.7,62.8,-.067,+8.03,106.3,98.3,-8.83
93,94,Ohio 14,MAC,22-15,+8.25,107.3,99.0,68.8,-.068,+0.76,103.1,102.3,-0.90
94,95,Montana 14,BSky,22-10,+8.08,106.5,98.4,62.0,-.042,-2.21,103.4,105.6,-0.86
95,96,Charlotte,A10,19-12,+7.91,108.7,100.8,67.1,+.068,+3.85,103.7,99.8,-0.61
96,97,Pacific,BW,23-12,+7.84,106.2,98.3,60.2,+.011,-0.53,103.3,103.8,+1.48
97,98,Saint Louis,A10,23-13,+7.72,100.1,92.4,62.4,+.039,+3.20,104.5,101.3,-4.13
98,99,Southern Miss,CUSA,20-14,+7.60,103.7,96.1,61.0,-.051,+2.64,103.4,100.8,-3.10
99,100,Sam Houston St. 14,Slnd,25-8,+7.42,110.2,102.7,69.3,+.052,-3.33,101.3,104.6,+4.67
100,101,Penn St.,B10,11-20,+7.04,107.9,100.8,62.2,-.140,+7.55,106.3,98.8,-8.17
101,102,Morehead St.,OVC,24-11,+7.00,105.1,98.1,64.7,-.017,-4.33,101.3,105.6,+1.84
102,103,Auburn,SEC,15-17,+6.98,109.9,102.9,69.0,-.075,+5.52,105.5,100.0,-3.37
103,104,Oklahoma,B12,13-18,+6.98,110.2,103.2,65.3,-.037,+9.92,108.4,98.5,-1.19
104,105,Weber St. 7,BSky,20-11,+6.96,109.2,102.2,67.7,-.013,-0.16,103.9,104.1,+7.28
105,106,Stanford,P10,14-18,+6.75,106.5,99.7,66.3,-.047,+6.91,106.5,99.6,+0.15
106,107,William & Mary 5,CAA,22-11,+6.58,110.0,103.4,60.2,+.116,+4.28,103.7,99.4,+7.35
107,108,IUPUI,Sum,25-11,+6.34,108.5,102.2,64.7,+.014,-2.81,101.4,104.2,+6.88
108,109,Appalachian St.,SC,24-13,+6.18,110.1,104.0,65.3,+.012,-1.96,101.7,103.7,+2.75
109,110,Iona,MAAC,21-10,+6.11,100.1,94.0,64.7,+.040,-0.81,101.8,102.6,+0.37
110,111,Harvard,Ivy,21-8,+6.06,107.5,101.4,67.0,+.051,-4.12,99.5,103.6,+0.21
111,112,New Mexico St. 12,WAC,22-12,+6.03,111.6,105.5,70.3,+.122,+4.03,105.8,101.7,+2.09
112,113,Louisiana Tech,WAC,24-11,+5.99,105.4,99.4,67.6,+.109,+1.15,104.9,103.8,-3.87
113,114,Bradley,MVC,16-15,+5.69,106.3,100.6,64.9,+.016,+4.53,105.6,101.1,+0.99
114,115,Washington St.,P10,16-15,+5.67,108.2,102.5,66.1,-.021,+4.44,104.8,100.3,-6.16
115,116,Creighton,MVC,18-16,+5.56,107.8,102.2,65.5,-.014,+3.19,104.7,101.5,-0.98
116,117,UCLA,P10,14-18,+5.48,106.4,100.9,64.3,-.016,+7.01,106.5,99.4,+1.15
117,118,Fairfield,MAAC,23-11,+5.36,106.7,101.3,65.7,+.045,-1.59,100.7,102.3,-7.06
118,119,Arkansas,SEC,14-18,+5.30,105.9,100.6,69.7,-.075,+5.50,105.9,100.3,-2.77
119,120,Princeton,Ivy,22-9,+5.29,98.6,93.3,58.7,+.008,-5.24,99.4,104.6,-4.42
120,121,Akron,MAC,24-11,+5.20,105.3,100.1,65.1,+.047,-1.52,102.2,103.7,-4.29
121,122,George Washington,A10,16-15,+5.15,103.4,98.3,67.0,-.044,+2.48,103.9,101.5,-4.30
122,123,Southern Illinois,MVC,15-15,+5.14,106.1,101.0,66.2,-.086,+1.79,103.7,101.9,-5.92
123,124,Utah,MWC,14-17,+4.86,102.9,98.0,64.8,-.063,+4.05,105.4,101.3,-0.37
124,125,Northern Colorado,BSky,25-8,+4.82,105.5,100.7,66.8,+.025,-4.94,101.9,106.8,-7.64
125,126,Detroit,Horz,20-14,+4.58,101.0,96.4,67.5,-.009,-0.68,103.1,103.7,-6.43
126,127,Western Kentucky,SB,21-13,+4.39,105.9,101.5,64.5,-.019,-2.84,101.4,104.2,+4.17
127,128,Niagara,MAAC,18-15,+4.06,105.7,101.6,68.0,-.062,-0.51,101.2,101.7,-0.54
128,129,Oregon,P10,16-16,+3.99,105.8,101.8,65.7,+.009,+5.10,105.3,100.2,-5.66
129,130,Milwaukee,Horz,20-14,+3.89,105.5,101.6,66.3,+.032,+1.07,103.5,102.5,-0.14
130,131,Hofstra,CAA,19-15,+3.77,101.1,97.4,69.2,-.001,+0.00,102.6,102.6,-0.84
131,132,Belmont,ASun,19-12,+3.67,103.3,99.6,68.8,-.013,-3.95,100.6,104.5,+3.56
132,133,Boston University,AE,21-14,+3.51,103.8,100.3,69.8,+.008,-2.66,100.3,102.9,+4.04
133,134,St. Bonaventure,A10,15-16,+3.50,106.2,102.7,66.6,-.018,+3.57,103.6,100.0,+1.02
134,135,Oakland 14,Sum,26-9,+3.19,107.5,104.3,69.5,+.173,-2.75,101.6,104.4,+10.65
135,136,Vermont 16,AE,25-10,+3.08,104.1,101.0,66.1,+.068,-6.32,98.8,105.1,-3.11
136,137,Western Michigan,MAC,18-15,+3.07,106.7,103.7,65.9,-.030,-0.27,101.8,102.1,+4.45
137,138,Indiana St.,MVC,17-15,+3.02,104.5,101.5,64.2,+.068,+3.93,104.6,100.7,-0.41
138,139,Green Bay,Horz,22-13,+3.00,106.7,103.7,63.4,+.088,+0.98,103.2,102.2,-1.09
139,140,Oral Roberts,Sum,20-13,+2.84,102.3,99.4,65.6,+.004,-2.55,102.0,104.5,+7.58
140,141,Colorado St.,MWC,16-16,+2.83,101.5,98.7,66.0,+.020,+3.67,104.9,101.2,-2.08
141,142,Duquesne,A10,16-16,+2.82,102.5,99.7,69.6,+.027,+4.26,103.9,99.7,-1.64
142,143,Miami OH,MAC,14-18,+2.79,103.9,101.1,59.7,-.028,+3.57,104.5,101.0,+8.08
143,144,Jacksonville 8,ASun,20-13,+2.75,102.2,99.5,68.0,+.043,-2.07,101.2,103.3,+6.53
144,145,Drexel,CAA,16-16,+2.74,100.5,97.7,63.6,+.001,+1.82,104.3,102.5,+3.67
145,146,Idaho,WAC,15-16,+2.67,105.6,102.9,64.9,-.045,+1.97,104.8,102.8,-1.18
146,147,Oregon St.,P10,14-18,+2.54,99.0,96.4,61.3,-.018,+4.78,104.8,100.1,-4.18
147,148,Coastal Carolina 7,BSth,28-7,+2.51,101.8,99.3,63.1,+.022,-12.29,95.7,108.0,-8.03
148,149,SMU,CUSA,14-17,+2.49,106.1,103.6,60.8,-.107,+1.04,102.9,101.8,-6.06
149,150,East Tennessee St. 16,ASun,20-15,+2.47,100.9,98.4,66.8,-.004,-1.26,102.1,103.3,+8.97
150,151,College of Charleston,SC,22-12,+2.30,109.4,107.1,68.6,+.100,-1.36,102.0,103.3,+2.60
151,152,Cleveland St.,Horz,16-17,+2.16,105.9,103.7,64.5,-.010,+2.99,104.7,101.7,+7.65
152,153,UC Santa Barbara 15,BW,20-10,+2.11,100.0,97.9,66.3,+.125,-1.00,102.8,103.8,+3.46
153,154,Long Beach St.,BW,17-16,+2.00,100.6,98.6,69.3,+.033,+2.82,105.1,102.3,+15.55
154,155,Western Carolina,SC,22-12,+1.76,105.3,103.6,69.2,+.056,-2.35,101.7,104.1,+3.45
155,156,Morgan St. 15,MEAC,27-10,+1.58,105.5,104.0,68.6,+.078,-7.71,98.2,105.9,+0.13
156,157,Stephen F. Austin,Slnd,23-9,+1.47,103.0,101.5,58.7,+.043,-7.80,98.5,106.3,-7.74
157,158,Buffalo,MAC,18-12,+1.47,106.6,105.1,68.2,+.065,-0.92,101.2,102.1,-0.72
158,159,Rutgers,BE,15-17,+1.37,103.4,102.0,67.5,+.071,+6.89,106.2,99.3,-7.67
159,160,La Salle,A10,12-18,+1.18,106.2,105.1,67.3,-.015,+3.91,104.5,100.6,-0.03
160,161,Boise St.,WAC,15-17,+0.94,102.2,101.3,69.5,-.064,-0.68,104.7,105.4,-7.53
161,162,George Mason,CAA,17-15,+0.91,102.8,101.9,64.6,+.049,+0.72,102.7,101.9,-1.22
162,163,Campbell,ASun,19-11,+0.85,100.5,99.7,64.2,+.002,-5.22,99.9,105.1,-1.95
163,164,Middle Tennessee,SB,19-14,+0.65,101.4,100.7,64.7,-.044,-4.83,100.6,105.4,-1.97
164,165,Fresno St.,WAC,15-18,+0.58,100.1,99.5,65.4,-.032,+1.36,104.4,103.0,-1.61
165,166,UCF,CUSA,15-17,+0.33,102.6,102.3,63.4,+.009,+2.52,104.5,102.0,-1.43
166,167,Massachusetts,A10,12-20,+0.12,102.7,102.6,68.6,+.004,+6.34,106.5,100.2,+4.61
167,168,Loyola Marymount,WCC,18-16,-0.01,108.4,108.4,69.0,+.041,-0.34,102.5,102.8,-2.12
168,169,Drake,MVC,14-19,-0.01,107.2,107.2,63.0,+.012,+2.43,104.2,101.8,-4.71
169,170,DePaul,BE,8-23,-0.08,100.0,100.1,61.8,-.038,+8.58,107.3,98.7,-3.01
170,171,Texas A&M Corpus Chris,Slnd,17-15,-0.09,99.4,99.5,64.7,-.035,-2.37,101.3,103.7,+6.29
171,172,Lipscomb,ASun,17-13,-0.12,109.3,109.4,69.3,-.033,-5.80,99.0,104.8,+0.06
172,173,Saint Joseph's,A10,11-20,-0.17,102.6,102.7,68.7,+.016,+6.55,106.0,99.5,+4.66
173,174,Iowa,B10,10-22,-0.36,103.4,103.7,61.2,-.035,+7.92,106.4,98.5,-2.98
174,175,North Texas 15,SB,24-9,-0.47,103.4,103.8,67.4,+.113,-5.87,99.9,105.7,-2.96
175,176,Saint Peter's,MAAC,16-14,-0.49,92.8,93.3,64.1,-.015,-3.38,100.6,104.0,-8.13
176,177,Seattle,ind,17-14,-0.58,100.6,101.2,77.7,+.029,-2.93,102.2,105.2,-2.39
177,178,Eastern Kentucky,OVC,20-13,-0.60,110.7,111.3,61.2,-.013,-6.28,99.7,106.0,-5.99
178,179,San Jose St.,WAC,14-17,-0.62,109.9,110.5,66.0,+.003,+1.93,104.9,102.9,-1.02
179,180,Troy 7,SB,20-13,-0.69,105.1,105.8,66.0,+.082,-1.33,103.2,104.5,+8.99
180,181,TCU,MWC,13-19,-0.72,105.2,105.9,63.1,-.001,+4.86,105.1,100.2,-0.28
181,182,Mount St. Mary's,NEC,16-15,-0.83,96.8,97.6,65.9,-.065,-6.81,98.6,105.4,+6.94
182,183,Valparaiso,Horz,15-17,-0.92,110.7,111.6,67.0,+.015,+2.62,103.3,100.7,+4.44
183,184,Portland St.,BSky,13-19,-0.94,113.3,114.2,65.9,-.074,+1.08,104.2,103.1,+6.23
184,185,Robert Morris 15,NEC,23-12,-0.97,99.9,100.8,66.1,+.074,-7.18,98.1,105.3,+3.47
185,186,Lehigh 16,Pat,22-11,-0.97,105.6,106.6,68.9,+.018,-10.02,96.8,106.8,-8.95
186,187,Quinnipiac 8,NEC,23-10,-1.01,103.5,104.5,67.7,-.023,-11.77,95.0,106.8,-5.63
187,188,Stony Brook 8,AE,22-10,-1.12,102.3,103.4,65.1,+.052,-7.82,97.8,105.6,-7.89
188,189,Eastern Michigan,MAC,17-15,-1.19,100.3,101.4,65.2,-.010,-3.23,100.5,103.8,-3.46
189,190,Davidson,SC,16-15,-1.31,103.6,104.9,65.2,+.012,-0.44,103.3,103.8,+6.56
190,191,LSU,SEC,11-20,-1.42,99.7,101.2,61.2,-.006,+5.54,106.0,100.4,-5.27
191,192,Denver,SB,19-13,-1.43,106.2,107.7,58.5,+.017,-5.78,99.5,105.3,-2.34
192,193,Rider,MAAC,17-16,-1.45,103.1,104.6,67.1,+.074,+0.11,101.5,101.4,-0.16
193,194,Indiana,B10,10-21,-1.64,101.4,103.0,67.3,-.046,+8.25,106.8,98.6,-5.79
194,195,Montana St.,BSky,15-14,-1.78,103.4,105.2,63.4,+.018,-1.33,104.2,105.5,+2.86
195,196,Central Michigan,MAC,15-15,-1.85,101.6,103.4,63.5,-.016,-2.24,100.4,102.6,-1.74
196,197,The Citadel,SC,16-16,-1.96,100.3,102.3,59.4,-.020,-2.33,102.1,104.4,+2.94
197,198,UTSA,Slnd,19-11,-2.10,103.9,106.0,62.9,+.020,-5.66,99.6,105.3,-4.29
198,199,Manhattan,MAAC,11-20,-2.38,99.3,101.7,66.1,-.110,-1.18,101.0,102.2,-3.90
199,200,Bowling Green,MAC,14-16,-2.90,101.3,104.2,63.1,+.052,+0.77,102.9,102.2,-0.33
200,201,Canisius,MAAC,15-17,-2.93,100.1,103.1,65.6,-.002,-2.12,100.1,102.2,-3.67
201,202,Arkansas St.,SB,17-14,-2.95,99.1,102.0,66.5,+.002,-5.00,100.8,105.8,-1.60
202,203,Southeastern Louisiana,Slnd,19-12,-3.09,100.9,104.0,66.5,-.006,-6.53,99.2,105.7,-3.88
203,204,San Francisco,WCC,12-18,-3.14,100.5,103.6,66.1,+.007,+3.35,106.0,102.7,+5.11
204,205,Mercer,ASun,16-17,-3.33,107.8,111.2,68.1,-.014,-2.54,100.2,102.7,+10.38
205,206,Florida Atlantic,SB,14-16,-3.36,103.8,107.2,67.7,-.038,-2.84,101.5,104.4,+5.41
206,207,Austin Peay,OVC,17-15,-3.52,103.7,107.2,66.0,+.082,-1.53,102.5,104.0,+9.04
207,208,San Diego,WCC,11-21,-3.68,98.4,102.1,62.0,-.045,+2.72,105.1,102.3,+3.46
208,209,Georgia St.,CAA,12-20,-3.71,99.8,103.5,61.6,-.057,-0.88,101.7,102.6,-6.38
209,210,Cal St. Fullerton,BW,16-15,-3.79,102.5,106.2,67.9,+.040,-2.55,101.4,104.0,+0.78
210,211,Eastern Illinois,OVC,19-12,-3.90,100.0,103.9,63.3,+.089,-5.26,100.3,105.6,-4.34
211,212,UNC Wilmington,CAA,9-22,-4.02,98.6,102.6,67.8,-.060,+2.65,104.4,101.7,+4.35
212,213,Maine,AE,19-11,-4.07,94.2,98.3,64.5,+.122,-6.05,99.2,105.2,-1.76
213,214,Loyola MD,MAAC,13-17,-4.12,99.5,103.6,65.2,-.033,-2.77,99.5,102.2,-7.06
214,215,James Madison,CAA,13-20,-4.25,101.1,105.4,66.8,+.001,-1.14,101.9,103.0,-8.22
215,216,Loyola Chicago,Horz,14-16,-4.29,101.8,106.1,62.9,+.060,+1.26,104.0,102.7,-2.32
216,217,Louisiana Lafayette,SB,13-17,-4.31,99.4,103.7,65.8,-.065,-4.79,101.0,105.8,-0.02
217,218,Radford,BSth,19-12,-5.01,95.5,100.5,67.9,+.066,-8.90,97.7,106.6,+5.83
218,219,South Dakota St.,Sum,14-16,-5.15,105.5,110.6,66.9,-.048,-4.98,100.3,105.2,+2.69
219,220,Evansville,MVC,9-21,-5.31,97.8,103.1,65.4,-.057,+2.54,104.8,102.3,-8.66
220,221,Northern Arizona,BSky,14-14,-5.42,99.1,104.5,66.2,+.087,-0.57,103.5,104.0,+2.70
221,222,Ball St.,MAC,15-15,-5.45,94.6,100.1,62.0,+.052,-2.85,100.8,103.6,-4.22
222,223,Cal St. Northridge,BW,11-21,-5.57,97.8,103.4,70.7,-.017,-1.54,102.3,103.8,+0.97
223,224,Tulane,CUSA,8-22,-5.58,95.1,100.7,65.4,-.070,+1.61,103.5,101.9,-2.88
224,225,Winthrop 16,BSth,19-14,-5.63,90.7,96.3,64.0,+.049,-7.35,98.6,106.0,+6.90
225,226,UC Davis,BW,14-18,-5.77,101.0,106.7,66.4,-.004,-2.74,100.3,103.0,-1.89
226,227,Youngstown St.,Horz,8-22,-6.20,99.4,105.6,67.1,-.078,+1.68,103.5,101.9,-1.88
227,228,Hampton,MEAC,14-18,-6.21,94.1,100.4,66.7,-.110,-9.65,97.3,106.9,-3.02
228,229,Texas St.,Slnd,15-16,-6.32,98.5,104.8,74.9,+.027,-3.53,100.8,104.3,+1.54
229,230,UC Riverside,BW,12-17,-6.38,98.2,104.5,60.9,-.039,-2.46,101.1,103.6,-0.71
230,231,Arkansas Pine Bluff 16,SWAC,18-16,-6.44,93.1,99.5,65.1,+.053,-7.62,96.4,104.0,+17.98
231,232,East Carolina,CUSA,10-21,-6.53,101.9,108.4,66.9,-.016,+5.04,104.6,99.6,+6.66
232,233,Hawaii,WAC,10-20,-6.78,101.3,108.0,64.0,-.053,+0.03,104.7,104.7,-7.14
233,234,Furman,SC,13-17,-6.86,98.0,104.8,67.5,-.046,-5.36,99.5,104.9,-7.87
234,235,Holy Cross,Pat,9-22,-7.21,102.2,109.4,65.0,-.143,-5.09,100.5,105.6,+0.12
235,236,IPFW,Sum,16-15,-7.33,96.9,104.2,65.8,+.040,-6.15,100.3,106.5,-2.34
236,237,Northern Illinois,MAC,10-20,-7.38,99.0,106.4,69.2,-.042,-1.78,100.9,102.6,-1.91
237,238,Santa Clara,WCC,11-21,-7.41,96.2,103.6,65.9,+.015,+0.63,103.4,102.8,-0.94
238,239,Wyoming,MWC,10-21,-7.50,97.4,104.9,70.1,+.004,+2.66,104.2,101.6,-4.43
239,240,Lafayette,Pat,19-13,-7.69,104.1,111.8,66.6,+.073,-10.55,96.9,107.4,-11.24
240,241,UT Arlington,Slnd,16-14,-7.73,95.9,103.6,70.9,+.011,-7.88,99.0,106.9,-13.85
241,242,North Dakota St.,Sum,11-18,-7.74,96.6,104.3,67.3,-.051,-4.63,100.5,105.1,+1.53
242,243,Cal Poly,BW,12-19,-7.76,103.2,111.0,66.4,+.048,-2.41,102.0,104.4,-1.00
243,244,Towson,CAA,10-21,-7.91,102.5,110.5,67.8,+.010,-0.11,101.7,101.8,-2.93
244,245,Illinois Chicago,Horz,8-22,-7.94,96.6,104.5,67.3,-.029,+2.66,104.2,101.6,+1.52
245,246,Bucknell,Pat,14-17,-7.96,98.0,105.9,63.8,-.018,-7.86,99.4,107.3,-4.96
246,247,South Dakota,GWC,22-10,-8.11,98.6,106.8,72.9,+.109,-12.57,95.3,107.9,+0.00
247,248,Chattanooga,SC,15-18,-8.19,96.9,105.1,68.9,+.033,-3.67,101.7,105.3,-2.66
248,249,Rice,CUSA,8-23,-8.48,95.9,104.4,65.7,-.081,+0.15,103.0,102.8,-5.99
249,250,Samford,SC,11-20,-8.50,100.5,109.0,56.2,-.077,-0.73,102.4,103.1,+6.84
250,251,South Alabama,SB,17-15,-8.52,96.2,104.7,64.7,+.117,-4.19,101.1,105.2,-2.15
251,252,UC Irvine,BW,14-18,-8.52,101.1,109.6,63.4,+.016,-4.43,101.4,105.9,-5.84
252,253,UNC Greensboro,SC,8-23,-8.61,96.2,104.8,66.6,-.030,+1.18,103.1,101.9,+9.81
253,254,Air Force,MWC,10-21,-8.64,96.8,105.5,57.3,-.046,+2.52,103.7,101.1,-7.67
254,255,South Carolina St.,MEAC,18-14,-8.88,97.4,106.2,68.0,+.029,-9.71,96.9,106.6,-1.77
255,256,Tennessee Tech,OVC,15-17,-9.08,104.7,113.8,66.6,+.098,-2.48,101.9,104.4,+3.21
256,257,Delaware,CAA,7-24,-9.30,99.5,108.8,63.9,+.035,+2.99,103.9,100.9,+1.77
257,258,Tennessee St.,OVC,9-23,-9.44,97.8,107.2,67.1,-.009,-0.91,102.7,103.6,+4.70
258,259,Army,Pat,14-15,-9.68,89.3,99.0,62.8,-.018,-9.01,98.9,107.9,-9.28
259,260,New Hampshire,AE,13-17,-9.76,91.5,101.3,64.5,+.004,-5.94,98.7,104.6,-3.25
260,261,Elon,SC,9-23,-10.06,96.2,106.3,66.9,-.022,-1.23,102.3,103.5,+2.18
261,262,Delaware St.,MEAC,17-12,-10.20,96.9,107.1,58.2,+.080,-10.30,96.2,106.5,+0.91
262,263,Yale,Ivy,12-19,-10.34,96.1,106.5,66.4,-.036,-5.55,99.5,105.1,-4.76
263,264,Jacksonville St.,OVC,11-19,-10.35,97.5,107.9,66.7,-.060,-5.52,100.6,106.1,-7.09
264,265,Eastern Washington,BSky,9-21,-10.36,96.4,106.8,67.9,-.010,-0.21,104.0,104.2,+2.98
265,266,North Florida,ASun,13-18,-10.47,91.8,102.3,62.9,+.095,-1.87,101.6,103.5,+8.44
266,267,Texas Southern,SWAC,17-16,-10.52,93.4,103.9,66.4,-.007,-11.25,94.4,105.6,+8.28
267,268,Kennesaw St.,ASun,13-20,-10.59,98.1,108.7,64.2,+.012,-4.29,99.8,104.1,-1.64
268,269,Western Illinois,Sum,13-17,-10.65,91.4,102.0,60.7,-.017,-6.89,98.9,105.8,-7.20
269,270,LIU Brooklyn,NEC,14-17,-10.97,99.8,110.8,67.1,+.009,-9.49,95.7,105.2,-1.06
270,271,Norfolk St.,MEAC,11-19,-11.06,96.2,107.2,71.2,-.026,-7.61,97.0,104.6,+1.41
271,272,Binghamton,AE,13-18,-11.07,98.1,109.2,62.5,+.045,-3.36,100.9,104.3,+2.22
272,273,Nicholls St.,Slnd,11-19,-11.17,99.6,110.7,61.4,+.013,-1.95,102.2,104.1,+6.71
273,274,Jackson St. 8,SWAC,19-13,-11.38,93.5,104.9,64.1,+.143,-11.44,94.5,105.9,+5.70
274,275,Sacred Heart,NEC,14-15,-11.41,99.1,110.5,69.1,+.011,-11.26,95.9,107.1,-5.57
275,276,UNC Asheville,BSth,15-16,-11.43,97.2,108.7,70.8,+.068,-7.14,98.1,105.2,+8.72
276,277,USC Upstate,ASun,6-23,-11.63,92.0,103.6,65.1,-.066,-1.83,100.9,102.8,+8.14
277,278,Idaho St.,BSky,7-22,-11.85,103.8,115.6,62.5,-.009,+2.33,104.8,102.5,+10.32
278,279,McNeese St.,Slnd,10-20,-11.86,99.0,110.9,65.4,-.022,-4.06,100.4,104.4,+1.61
279,280,Louisiana Monroe,SB,12-19,-11.87,98.4,110.3,66.1,+.049,-4.61,100.6,105.2,-0.88
280,281,Arkansas Little Rock,SB,8-22,-11.99,99.6,111.6,65.5,-.022,-1.79,102.4,104.2,+8.46
281,282,Liberty,BSth,15-16,-12.03,96.3,108.4,65.7,+.049,-7.23,98.3,105.6,+5.12
282,283,Lamar,Slnd,14-18,-12.07,96.4,108.5,67.7,+.053,-4.68,100.1,104.7,-3.54
283,284,Brown,Ivy,11-20,-12.16,100.0,112.1,66.1,+.004,-3.71,99.6,103.3,-1.20
284,285,Cal St. Bakersfield,ind,7-22,-12.17,96.1,108.2,67.0,-.015,-1.66,102.7,104.3,-1.20
285,286,Pepperdine,WCC,7-24,-12.20,98.0,110.2,65.5,-.001,+0.77,104.3,103.5,-1.46
286,287,High Point,BSth,15-15,-12.43,97.1,109.6,67.4,+.050,-10.00,96.6,106.6,-3.63
287,288,Sacramento St.,BSky,9-21,-12.53,93.3,105.8,66.5,-.003,-1.64,102.8,104.4,-0.96
288,289,Alabama St.,SWAC,16-15,-12.63,93.5,106.2,65.2,+.022,-11.86,93.3,105.2,+8.16
289,290,Colgate,Pat,10-19,-12.67,97.8,110.5,65.6,-.031,-8.15,97.8,106.0,-7.17
290,291,Navy,Pat,13-17,-12.70,96.3,109.0,70.7,+.077,-8.50,98.3,106.8,-7.71
291,292,Bethune Cookman,MEAC,17-16,-12.98,93.9,106.9,58.9,+.043,-10.52,96.1,106.6,-2.25
292,293,Charleston Southern,BSth,13-17,-13.06,94.7,107.8,62.6,+.006,-7.86,98.1,106.0,+7.65
293,294,American,Pat,11-20,-13.09,94.1,107.2,62.4,+.016,-7.81,99.2,107.0,-6.12
294,295,Albany,AE,7-25,-13.16,97.2,110.3,63.6,-.073,-4.25,99.6,103.8,-0.45
295,296,Monmouth,NEC,12-19,-13.46,92.5,105.9,65.6,-.031,-9.33,96.8,106.1,-3.94
296,297,Columbia,Ivy,11-17,-13.50,92.2,105.7,63.9,+.039,-7.33,98.5,105.9,-8.55
297,298,Longwood,ind,12-19,-13.56,98.0,111.6,72.4,+.011,-5.26,98.5,103.8,-2.17
298,299,UMKC,Sum,12-18,-13.67,98.2,111.9,64.9,+.042,-6.20,99.4,105.6,-5.30
299,300,Georgia Southern,SC,9-23,-13.77,98.1,111.9,70.5,+.080,+0.01,103.3,103.3,+3.89
300,301,Florida Gulf Coast,ASun,8-21,-13.84,94.8,108.6,66.6,+.008,-5.31,99.3,104.6,-5.34
301,302,North Carolina A&T,MEAC,11-22,-13.86,93.8,107.6,67.7,-.043,-6.30,98.3,104.6,+6.22
302,303,Northwestern St.,Slnd,10-19,-13.96,96.9,110.9,74.1,-.007,-5.34,100.0,105.4,-0.98
303,304,Central Arkansas,Slnd,9-21,-14.29,92.0,106.3,64.1,-.091,-6.64,99.8,106.4,-5.22
304,305,Fordham,A10,2-26,-14.41,93.3,107.7,70.5,-.046,+4.55,104.7,100.2,-1.64
305,306,FIU,SB,7-25,-14.45,98.7,113.1,67.1,-.018,-2.44,101.7,104.1,+1.29
306,307,Savannah St.,ind,11-15,-14.47,89.8,104.3,61.2,+.021,-6.15,97.9,104.0,-2.82
307,308,Penn,Ivy,6-22,-14.61,97.3,111.9,64.0,-.042,-3.49,100.8,104.3,-1.18
308,309,Central Connecticut,NEC,12-18,-15.50,92.3,107.8,63.4,-.007,-11.39,95.6,107.0,-7.87
309,310,Prairie View A&M,SWAC,16-14,-15.63,85.6,101.2,66.3,+.047,-13.14,93.4,106.6,+9.39
310,311,St. Francis NY,NEC,11-18,-15.76,89.8,105.5,63.7,+.046,-10.78,96.3,107.1,-4.71
311,312,Hartford,AE,8-22,-15.81,95.6,111.4,62.8,-.038,-6.31,99.0,105.3,-5.33
312,313,Southeast Missouri St.,OVC,7-23,-16.14,90.7,106.8,66.6,-.044,-3.40,101.7,105.1,-0.33
313,314,St. Francis PA,NEC,11-19,-16.39,95.5,111.9,63.8,+.028,-8.66,97.2,105.8,-0.83
314,315,New Orleans,SB,8-22,-16.68,89.0,105.7,63.7,+.001,-5.16,100.1,105.3,-5.60
315,316,Fairleigh Dickinson,NEC,11-21,-17.42,92.2,109.6,67.0,+.054,-8.75,97.4,106.2,-1.97
316,317,VMI,BSth,10-19,-18.10,102.4,120.5,83.4,+.003,-7.36,96.9,104.3,+8.16
317,318,Centenary,Sum,8-21,-18.48,95.0,113.5,69.7,+.009,-4.29,100.8,105.1,+1.99
318,319,Maryland Eastern Shore,MEAC,11-21,-18.54,91.6,110.1,65.1,+.056,-9.17,96.9,106.1,-1.34
319,320,Texas Pan American,GWC,6-27,-18.56,89.5,108.0,66.3,-.081,-6.64,98.5,105.1,+3.65
320,321,Houston Baptist,GWC,12-21,-19.24,93.8,113.0,72.2,+.050,-12.38,94.9,107.2,-5.03
321,322,UMBC,AE,4-26,-19.27,95.5,114.7,66.2,-.071,-5.75,98.9,104.7,-5.15
322,323,Coppin St.,MEAC,8-22,-19.43,89.3,108.7,65.0,-.088,-8.58,97.2,105.8,+1.93
323,324,Southern Utah,Sum,7-22,-19.47,89.8,109.3,66.2,-.003,-3.85,101.6,105.5,+2.25
324,325,Toledo,MAC,4-28,-19.54,88.8,108.3,60.6,+.008,+0.81,103.3,102.5,+2.54
325,326,Utah Valley,GWC,12-18,-19.59,89.8,109.4,61.1,-.027,-12.71,95.2,108.0,-2.87
326,327,Alabama A&M,SWAC,11-16,-19.70,87.5,107.2,70.2,-.016,-14.66,91.7,106.4,+8.50
327,328,Mississippi Valley St.,SWAC,9-23,-20.40,91.6,112.0,67.2,-.005,-9.29,94.7,104.0,+6.36
328,329,Presbyterian,BSth,5-26,-20.64,90.9,111.6,62.0,-.049,-3.64,100.0,103.6,+12.77
329,330,Winston Salem St.,ind,12-17,-20.66,86.9,107.6,66.4,+.074,-7.22,98.1,105.4,-7.22
330,331,Gardner Webb,BSth,8-21,-20.81,90.1,111.0,69.7,-.004,-6.88,98.8,105.6,+9.36
331,332,Stetson,ASun,7-22,-20.85,90.5,111.3,66.0,+.044,-2.62,100.6,103.2,+5.94
332,333,Florida A&M,MEAC,9-22,-20.95,92.8,113.7,67.0,+.054,-7.74,97.3,105.0,+1.93
333,334,Tennessee Martin,OVC,4-25,-21.20,90.2,111.4,69.8,-.015,-2.30,101.6,103.9,+3.87
334,335,Wagner,NEC,5-26,-22.00,89.1,111.1,65.7,-.014,-9.69,96.2,105.9,-7.14
335,336,Marist,MAAC,1-29,-22.01,90.8,112.8,62.6,-.014,-0.73,101.1,101.9,-3.40
336,337,Howard,MEAC,7-25,-22.04,88.4,110.4,64.3,+.011,-6.85,98.1,105.0,+0.75
337,338,NJIT,GWC,10-21,-22.16,84.7,106.8,66.6,-.059,-11.71,96.3,108.0,-1.00
338,339,North Carolina Central,ind,7-22,-22.46,85.9,108.4,66.6,-.014,-3.51,100.2,103.7,-0.95
339,340,SIU Edwardsville,ind,5-23,-23.22,88.1,111.3,66.5,+.007,-2.77,101.3,104.1,-2.77
340,341,Dartmouth,Ivy,5-23,-24.24,82.4,106.7,63.4,+.022,-5.69,99.5,105.2,-6.77
341,342,Chicago St.,GWC,9-23,-24.62,85.3,109.9,67.1,+.001,-10.16,97.0,107.1,-0.10
342,343,North Dakota,GWC,8-23,-24.81,92.8,117.6,64.3,-.005,-10.60,95.8,106.4,-1.12
343,344,Grambling St.,SWAC,7-21,-24.99,89.0,114.0,67.4,-.001,-13.35,92.9,106.3,+3.84
344,345,Southern,SWAC,5-25,-26.71,83.9,110.6,68.5,-.025,-12.58,93.3,105.9,+2.34
345,346,Bryant,NEC,1-29,-32.20,79.5,111.7,62.1,-.029,-7.63,98.6,106.2,+1.46
346,347,Alcorn St.,SWAC,2-29,-32.65,81.3,113.9,72.1,-.030,-9.37,95.5,104.8,+5.19
